metodo,h,pasos,puntos,valor_final,error_final,error_maximo,evaluaciones,orden_observado
Euler,0.20000000000000001,50,51,1.4272476927059597e-05,3.112745283542526e-05,0.040199441171442307,50,
Euler,0.10000000000000001,100,101,2.6561398887587493e-05,1.8838530874897361e-05,0.019201001071442236,100,1.0659939162003038
Euler,0.050000000000000003,200,201,3.5052666248829045e-05,1.0347263513655809e-05,0.0093935187629001216,200,1.0314439396218442
Euler,0.025000000000000001,400,401,3.9980321247629918e-05,5.4196085148549365e-06,0.0046470012835617136,400,1.0153656417866397
Euler,0.012500000000000001,800,801,4.2626869440183899e-05,2.7730603223009555e-06,0.0023112971243252622,800,1.0075973087454544
Heun,0.20000000000000001,50,51,4.9056054897764312e-05,3.656125135279458e-06,0.0028604020285576404,100,
Heun,0.10000000000000001,100,101,4.6222977814658526e-05,8.2304805217367206e-07,0.00066154366210946502,200,2.1123096484364106
Heun,0.050000000000000003,200,201,4.5596757052241542e-05,1.9682728975668816e-07,0.00015918050041452414,400,2.0551727612188042
Heun,0.025000000000000001,400,401,4.5448142520336444e-05,4.8212757851589377e-08,3.9048545417808e-05,800,2.027322903588475
Heun,0.012500000000000001,800,801,4.5411865623422763e-05,1.1935860937909316e-08,9.6705842481115134e-06,1600,2.0135938502623381
