hk,n,valor
0.5,0,1
0.5,1,0.5
0.5,2,0.25
0.5,3,0.125
0.5,4,0.0625
0.5,5,0.03125
0.5,6,0.015625
0.5,7,0.0078125
0.5,8,0.00390625
0.5,9,0.001953125
0.5,10,0.0009765625
1,0,1
1,1,0
1,2,0
1,3,0
1,4,0
1,5,0
1,6,0
1,7,0
1,8,0
1,9,0
1,10,0
1.5,0,1
1.5,1,-0.5
1.5,2,0.25
1.5,3,-0.125
1.5,4,0.0625
1.5,5,-0.03125
1.5,6,0.015625
1.5,7,-0.0078125
1.5,8,0.00390625
1.5,9,-0.001953125
1.5,10,0.0009765625
2,0,1
2,1,-1
2,2,1
2,3,-1
2,4,1
2,5,-1
2,6,1
2,7,-1
2,8,1
2,9,-1
2,10,1
2.2000000000000002,0,1
2.2000000000000002,1,-1.2000000000000002
2.2000000000000002,2,1.4400000000000004
2.2000000000000002,3,-1.7280000000000006
2.2000000000000002,4,2.0736000000000012
2.2000000000000002,5,-2.4883200000000021
2.2000000000000002,6,2.9859840000000033
2.2000000000000002,7,-3.5831808000000041
2.2000000000000002,8,4.2998169600000047
2.2000000000000002,9,-5.1597803520000056
2.2000000000000002,10,6.1917364224000071
