organizacion,k,h,t,aproximacion,referencia,error_absoluto
A,0.10000000000000001,1,5,590.49000000000001,606.53065971263345,16.040659712633442
A,0.10000000000000001,1,10,348.67844010000005,367.87944117144235,19.201001071442306
A,0.10000000000000001,1,15,205.89113209464901,223.13016014842981,17.2390280537808
A,0.10000000000000001,0.5,5,598.73693923837902,606.53065971263345,7.7937204742544282
A,0.10000000000000001,0.5,10,358.48592240854231,367.87944117144235,9.3935187629000438
A,0.10000000000000001,0.5,15,214.6387639429376,223.13016014842981,8.4913962054922081
A,0.10000000000000001,0.10000000000000001,5,605.00606713753655,606.53065971263345,1.5245925750969036
A,0.10000000000000001,0.10000000000000001,10,366.03234127322952,367.87944117144235,1.8470998982128322
A,0.10000000000000001,0.10000000000000001,15,221.4517872388613,223.13016014842981,1.6783729095685089
B,0.29999999999999999,1,5,168.07000000000002,223.13016014842981,55.060160148429787
B,0.29999999999999999,1,10,28.247524900000002,49.787068367863945,21.539543467863943
B,0.29999999999999999,1,15,4.7475615099430026,11.108996538242305,6.3614350282993026
B,0.29999999999999999,0.5,5,196.87440434072266,223.13016014842981,26.255755807707146
B,0.29999999999999999,0.5,10,38.759531084514371,49.787068367863945,11.027537283349574
B,0.29999999999999999,0.5,15,7.63075959478949,11.108996538242305,3.4782369434528153
B,0.29999999999999999,0.10000000000000001,5,218.06537534740767,223.13016014842981,5.0647848010221423
B,0.29999999999999999,0.10000000000000001,10,47.552507925405763,49.787068367863945,2.2345604424581822
B,0.29999999999999999,0.10000000000000001,15,10.369555489464185,11.108996538242305,0.73944104877812045
C,0.69999999999999996,1,5,2.4300000000000015,30.197383422318502,27.767383422318503
C,0.69999999999999996,1,10,0.0059049000000000098,0.91188196555451628,0.90597706555451629
C,0.69999999999999996,1,15,1.4348907000000034e-05,0.027536449349747159,0.027522100442747159
C,0.69999999999999996,0.5,5,13.46274334462891,30.197383422318502,16.73464007768959
C,0.69999999999999996,0.5,10,0.18124545836334999,0.91188196555451628,0.73063650719116624
C,0.69999999999999996,0.5,15,0.0024400610883254063,0.027536449349747159,0.025096388261421753
C,0.69999999999999996,0.10000000000000001,5,26.555068601372813,30.197383422318502,3.642314820945689
C,0.69999999999999996,0.10000000000000001,10,0.70517166842361656,0.91188196555451628,0.20671029713089972
C,0.69999999999999996,0.10000000000000001,15,0.018725882030733668,0.027536449349747159,0.008810567319013491
