metodo,h,organizacion,k,pasos,puntos,valor_final,error_final,error_maximo,evaluaciones
Euler,1,A,0.10000000000000001,20,21,121.57665459056932,13.758628646043377,19.201001071442306,20
Euler,0.5,A,0.10000000000000001,40,41,128.5121565651034,6.8231266715093,9.3935187629000438,40
Euler,0.10000000000000001,A,0.10000000000000001,200,201,133.97967485796201,1.3556083786506861,1.8470998982128322,200
Euler,1,B,0.29999999999999999,20,21,0.79792266297612047,1.680829513690238,63.56965974059915,20
Euler,0.5,B,0.29999999999999999,40,41,1.5023012498914352,0.97645092677492329,29.420144115599157,40
Euler,0.10000000000000001,B,0.29999999999999999,200,201,2.2612410099957776,0.2175111666705809,5.5883667535562154,200
Euler,1,C,0.69999999999999996,20,21,3.4867844010000119e-08,0.00083149385125955795,196.5853037914095,20
Euler,0.5,C,0.69999999999999996,40,41,3.2849916177340831e-05,0.00079867880292622706,75.312749111155426,40
Euler,0.10000000000000001,C,0.69999999999999996,200,201,0.00049726708194734737,0.00033426163715622056,13.26716116149197,200
