archivo,sha256
.gitattributes,03d43622af09ccea304d664edcf524a6054a51a5badaa484497b83bdb8ad00f2
.gitignore,2fa0caf0020baee26f8a49eccd789f9053119e73d9d023df9c9566614b193d65
defensa/guia_defensa.md,6cae43b30caa0107cb6d2e738b54d4c3bbcdd524a42a7186c37bfbbd611c9270
informe/generados/clasificacion.tex,ae2444bb3b78ffff9dde5e4034243eb8053ef2151bda72b339fed66998899589
informe/generados/comparacion.tex,f875cc4d2937fd8dec8612a292b1cd527c23329e160b85c569bfc1aefc914865
informe/generados/convergencia.tex,3eaef18a56b3d513917f6902f23e3832876ada060ddbd8cbff9c6220db4a1819
informe/generados/error.tex,b609daf64ba945e870f208e599bb9cf2a071f786df36f15e34cf40e59f4965c6
informe/generados/extendido.tex,8ba68787c918052ca8f81d56475ca62caaae2d7f8d96d95fe4cf05a121213bb5
informe/generados/lineal.tex,829c96b1c5d0a90811a92c2fa0e3d4072f439897ba15283dd90f269ea943c70b
informe/generados/valores.tex,b833bb9983d079dacf95ff6b2c62a6595cd0b01b90f4cbb8ccb0f5c6c2aab8b8
informe/generados/vulnerabilidades.tex,57b562aae5d0b220c8e8c9f93c2ba09ed048869b41b0925762ce98bd19f2ee1f
informe/generados/vulnerabilidades_resumen.tex,5f06ae0d41b3e8ea863d4598b9ed6dc21e72bf83e8d3d9187994085668df7dbe
informe/informe.pdf,c6c5dde82e2d218c594152100670ddde262b10d9afe3cb7f91a9c45dab273d25
informe/informe.tex,004740714d1ada9020a72cad7d0d078b31c4014eff72b87c726d6950823b42fa
informe/referencias.bib,8ecb34dc668d4cb1279d2f707f328433f6735adc8fb5a7a0cecec3d2f9756bbf
notebooks/proyecto_calculo.ipynb,a8fe42877295f1ca3b77ea5619a2b728551f74b54d48a506846a547b737b05bb
README.md,c02dbb1e525fb014880301ab0a54e836e5c116024f29db524551d7d2836e65ac
requirements.txt,a1273f94237624a31f70955cade986439ced6f2aa39aa579c589ae36230071df
resultados/figuras/errores.pdf,a639bc3cd932535f487c33169ee7d5c6ddc49c002337af54c93811c0d0f408d8
resultados/figuras/errores.png,99897b2ca72f5c332745b17c60b1df614c2648535ac40e82227d52b260ff8053
resultados/figuras/exponencial.pdf,209b9e34b0ac5b8f2b2678ead943a92abffe719c0e1771c2fb6ed99801ce1d97
resultados/figuras/exponencial.png,1d21dfa5438e4b5f8e73a4c66f585cf7c16a2ef182a0643934b1dda8eba21f96
resultados/figuras/extendido.pdf,32d6bb50bb8c70728648eaf06af667de845c5e446713e2f5b7d1add3b5c5ad25
resultados/figuras/extendido.png,c0b14686b92b27da45be5f5645133770b5df382e6faf161babd2a1132947ada4
resultados/figuras/lineal.pdf,0262d03b967c54a4d5fabfd2f2ec0a819d287e50a41a85b4e4f6b8376145b2d2
resultados/figuras/lineal.png,861eda31a8ba4d3a9f7e4d16abee7a20744c594e8a736fd979ea8bdfff82120f
resultados/figuras/organizacion_A.pdf,8efcb224594662113a594126112be14cb792bb1c2709f0258a84b181a9d91574
resultados/figuras/organizacion_A.png,409072ae3f1594def94947b7265b6a30904d3f1e7984cda58424604d05af4d96
resultados/figuras/organizacion_B.pdf,9115ad3bf9685ef2d0ec76af473b537612d94c2757f5e5d96544b665b8103810
resultados/figuras/organizacion_B.png,c336f1107a23bc8cee67929db5d41deaf0c3bb92b3e0c9fe96448d43c5194b9d
resultados/figuras/organizacion_C.pdf,b687aa5190dfda1890b9e30404c5163490a87d50f716954160cb53720c5acca0
resultados/figuras/organizacion_C.png,89154410ab5d1a17b13796c86af574889f751eb4c8a638afb9e81dc999040fc0
resultados/figuras/organizaciones.pdf,a783a3d724964ce6d3e648c47823f7e84ac2b9bf7ac8b8db8dd1a2c2e67edfde
resultados/figuras/organizaciones.png,690e22dd1935f66fdaa672c8208f1e5e106171d92386e24ed15009314e5fecd1
resultados/figuras/regimenes.pdf,a2d0bde607311452b357718d5ead0dc8d68c7ea838e35ee228714eb55574051d
resultados/figuras/regimenes.png,71b2c8516d1866485ff72a798ada97f912bdddebdc823059561a63076b10c4df
resultados/tablas/clasificacion.csv,0efad2b49808120dae772113389a74a5e8b5419a4e61d626268fb4d5dea66acf
resultados/tablas/comparacion.csv,cb0ad60ea12a1de6f7fc8373d13bb5e7ec5132de010f26ab1b254bc3ade2085b
resultados/tablas/convergencia.csv,3259c7a60de3ef1069faf7ca12709cb32fd39226c4d5cc9709d0f283e0471ac6
resultados/tablas/error.csv,a890b6150f6ce0a180cb491e2c2c2a1e0b9584993505f218e17a55bc3602b7e2
resultados/tablas/extendido.csv,d3cbc60e82c9602e3db1a766db6a85cac8e17c2911d0fe0fa302232c94e3cb51
resultados/tablas/lineal.csv,dd0f94b578ff7bf807a5fa9737b6cd406884ee6ad7807dd518d936fa35c1574d
resultados/tablas/regimenes.csv,6115b1f92271601745d0c4c31a50b0d6062ec04d3aaebe99638119deb4b8abe0
resultados/tablas/trayectorias.csv,ac93045818018eb4961c8264c06ba4b62104e671f19d61eca855fe4dc65a3090
resultados/tablas/vulnerabilidades.csv,ec466925d6bdc6ac2c11e5034f24a909fe82566c121e2412fee4204ee0478df0
resultados/tablas/vulnerabilidades_resumen.csv,66c9de93bdb83ddca50ec580d449b0aeef6727231fa4a5834996e1c70b88dfa6
src/__init__.py,5990e9c02a86e37625e160a2cb03be388e0c6eab4c820f84370e629b5f49b401
src/experimentos.py,1a6903afc1b871e6d81b89d1f0cc6a7dd91786d0cee12087a34b1e66053ef891
src/generar_entregables.py,30ff752244607a8257c1e180706962c38315b4a197582939dc7599240bf303f4
src/informe.py,e3723b1c0e286276f3638f0bb61d33c5b47a8a026e2c04d7148d161d57e8148a
src/metodos.py,807533848a530e228830d9a5ac4bf78973f5f58aa4e5a36bbbdff02624f9c4a0
src/metricas.py,d8dc90fd172dc41f6ccb6b4ae9a8a65edc5b86952cc920687541e29399f6ac53
src/notebook.py,4b3f74dab66b725b77a62cbc03cbedb28841fcf8495cdfef5ad589a1cce8f664
src/verificacion.py,ff8d262565e20eb6a7e568f75f6fdc1823649dfff843b48937fbaa7531792869
src/visualizacion.py,9e8d840129b727bb04fa3d1619a1f8e8f022f88bb8964fa936c884830174b0ab
tests/test_experimentos.py,b04dc132db389e7f421d8a1d6e83a6f0dadaa40f447820a801d91658104428ad
tests/test_metodos.py,4c7c4cfc72b0482ec0d5aebbdae7e7e0733e7cd410f8883ff19434aafa56ccbe
verificacion/auditoria.json,b5288159e23fd3c1170fbaf737b61d52d29d9ebacbaca1df4221efc3a6442bc6
verificacion/compilacion.txt,64198f4d06ab38d51e80351a37f510fbefeb8235c57be93c4a2a2d2ff7e55e3c
verificacion/fuentes_consultadas.csv,de425c759b8e2101df687196c8042ae6af69861bb85323e8469483144cf044a0
verificacion/matriz_cumplimiento.csv,c82ce5f81f1f98a3834476bf3a727d3964791fb2cc489631fefe40b5f469bab0
verificacion/matriz_inicial.csv,0fdc3b2e1846c5e2b8b8c11519ef98e87c33a3c4e16d1f2882d8d1dc374d50c4
verificacion/pruebas.txt,d94e39e0b1f02ea0dad75cbcbfe216d32ffb720fc2fb6bd41a6e15fa6fb55530
verificacion/publicacion.md,bb4a0d1c2dae39b6f7f6061a9a4a589cf30010361725d01d91b4eecf9c8b4ab5
verificacion/reproduccion.json,518b3a58fc8cd79d0364cd3cc03bcc7827ab7718a0a2dc162b395125c1c4fc35
verificacion/revision_final.md,0024469878bc286a19b448cda8e45781d9aeabe020ee8f3245040bf6af16c17c
verificacion/revision_visual.json,872f26458016f3138794156c3b124e1a6dc098ef3e65405b42b208b3306494da
verificacion/tablas_latex.json,6b69d12800e2bb61df7dac034cead7e8401e83a03aa087398ce708abd48ac824
